run	reftag	gene	substitution	drug	codon	genome_pos	ref_aa	sample_aa	resistant_af	codon_depth	ref_is_resistant	observed_variant	reported_mic	verdict
ERR5260555	primary	fusA	L461K	fusidic acid	461	601083	L	L	0.000	237	0	0	>128	susceptible
ERR5260555	primary	fusA	H457Q	fusidic acid	457	601071	H	H	0.000	144	0	0	>128	susceptible
ERR5260555	primary	fusA	C473S	fusidic acid	473	601119	C	C	0.000	241	0	0	>128	susceptible
ERR5260555	primary	fusA	H457Y	fusidic acid	457	601071	H	H	0.000	144	0	0	>128	susceptible
ERR5260555	primary	fusA	A67T	fusidic acid	67	599901	A	A	0.000	233	0	0	>128	susceptible
ERR5260555	primary	fusA	A70V	fusidic acid	70	599910	A	A	0.000	248	0	0	>128	susceptible
ERR5260555	primary	fusA	R76C	fusidic acid	76	599928	R	R	0.000	177	0	0	>128	susceptible
ERR5260555	primary	fusA	A655V	fusidic acid	655	601665	A	A	0.000	228	0	0	>128	susceptible
ERR5260555	primary	fusA	V90I	fusidic acid	90	599970	V	V	0.000	202	0	0	>128	susceptible
ERR5260555	primary	fusA	L461F	fusidic acid	461	601083	L	L	0.000	237	0	0		susceptible
ERR5260555	primary	fusA	A376V	fusidic acid	376	600828	A	A	0.000	242	0	0		susceptible
ERR5260555	primary	fusA	A655P	fusidic acid	655	601665	A	A	0.000	228	0	0	>128	susceptible
ERR5260555	primary	fusA	D463G	fusidic acid	463	601089	D	D	0.000	251	0	0	>128	susceptible
ERR5260555	primary	fusA	L461S	fusidic acid	461	601083	L	L	0.000	237	0	0	96	susceptible
ERR5260555	primary	fusA	P404L	fusidic acid	404	600912	P	P	0.000	208	0	0	96	susceptible
ERR5260555	primary	fusA	A71V	fusidic acid	71	599913	A	A	0.000	238	0	0	96	susceptible
ERR5260555	primary	fusA	M161I	fusidic acid	161	600183	P	P	0.000	170	0	0	16-64	susceptible
ERR5260555	primary	fusA	S416F	fusidic acid	416	600948	S	S	0.000	210	0	0	64	susceptible
ERR5260555	primary	fusA	H557Y	fusidic acid	557	601371	Y	Y	0.988	238	1	0	64	resistant
ERR5260555	primary	fusA	D373N	fusidic acid	373	600819	D	D	0.000	231	0	0	64	susceptible
ERR5260555	primary	fusA	Q115L	fusidic acid	115	600045	Q	Q	0.000	265	0	0	48	susceptible
ERR5260555	primary	fusA	T436I	fusidic acid	436	601008	T	T	0.000	246	0	0	8-48	susceptible
ERR5260555	primary	fusA	G452S	fusidic acid	452	601056	G	G	0.000	244	0	0	8-32	susceptible
ERR5260555	primary	fusA	L456F	fusidic acid	456	601068	L	L	0.000	216	0	0	32	susceptible
ERR5260555	primary	fusA	E444V	fusidic acid	444	601032	E	E	0.000	247	0	0	32	susceptible
ERR5260555	primary	fusA	E444K	fusidic acid	444	601032	E	E	0.000	247	0	0	16	susceptible
ERR5260555	primary	fusA	G556S	fusidic acid	556	601368	G	G	0.000	255	0	0	16	susceptible
ERR5260555	primary	fusA	R659L	fusidic acid	659	601677	R	R	0.000	241	0	0	16	susceptible
ERR5260555	primary	fusA	G451V	fusidic acid	451	601053	G	G	0.000	244	0	0	3-16	susceptible
ERR5260555	primary	fusA	E233Q	fusidic acid	233	600399	E	E	0.000	239	0	0	16	susceptible
ERR5260555	primary	fusA	A655E	fusidic acid	655	601665	A	A	0.000	228	0	0	12	susceptible
ERR5260555	primary	fusA	G452C	fusidic acid	452	601056	G	G	0.000	244	0	0	12	susceptible
ERR5260555	primary	fusA	P114H	fusidic acid	114	600042	P	P	0.000	240	0	0	12	susceptible
ERR5260555	primary	fusA	R659C	fusidic acid	659	601677	R	R	0.000	241	0	0	12	susceptible
ERR5260555	primary	fusA	R659S	fusidic acid	659	601677	R	R	0.000	241	0	0	12	susceptible
ERR5260555	primary	fusA	H438N	fusidic acid	438	601014	H	H	0.000	242	0	0	8	susceptible
ERR5260555	primary	fusA	P478S	fusidic acid	478	601134	P	P	0.000	173	0	0	8	susceptible
ERR5260555	primary	fusA	R659H	fusidic acid	659	601677	R	R	0.000	241	0	0	8	susceptible
ERR5260555	primary	fusA	P406L	fusidic acid	406	600918	P	P	0.000	247	0	0	8	susceptible
ERR5260555	primary	fusA	F652S	fusidic acid	652	601656	F	F	0.000	239	0	0	8	susceptible
ERR5260555	primary	fusA	Y654N	fusidic acid	654	601662	Y	Y	0.000	234	0	0	8	susceptible
ERR5260555	primary	fusA	D189G	fusidic acid	189	600267	D	D	0.000	255	0	0	8	susceptible
ERR5260555	primary	fusA	M453I	fusidic acid	453	601059	M	M	0.000	233	0	0	4-8	susceptible
ERR5260555	primary	fusA	R464C	fusidic acid	464	601092	R	R	0.000	242	0	0	2-8	susceptible
ERR5260555	primary	fusA	R464S	fusidic acid	464	601092	R	R	0.000	242	0	0	6	susceptible
ERR5260555	primary	fusA	R464H	fusidic acid	464	601092	R	R	0.000	242	0	0	6	susceptible
ERR5260555	primary	fusA	G617D	fusidic acid	617	601551	G	G	0.000	238	0	0	4	susceptible
ERR5260555	primary	fusA	G664S	fusidic acid	664	601692	G	G	0.000	237	0	0	4	susceptible
ERR5260555	primary	fusA	T385N	fusidic acid	385	600855	T	T	0.000	254	0	0	4	susceptible
ERR5260555	primary	fusA	T656K	fusidic acid	656	601668	T	T	0.000	243	0	0	4	susceptible
ERR5260555	primary	fusA	M651I	fusidic acid	651	601653	M	M	0.000	246	0	0	2	susceptible
ERR5260555	primary	fusA	P404Q	fusidic acid	404	600912	P	P	0.000	208	0	0	2	susceptible
ERR5260555	primary	fusA	F441Y	fusidic acid	441	601023	T	T	0.000	234	0	0		susceptible
ERR5260555	primary	fusA	A160V	fusidic acid	160	600180	A	A	0.000	174	0	0		susceptible
ERR5260555	primary	fusA	V607I	fusidic acid	607	601521	V	V	0.000	239	0	0	0.19	susceptible
ERR5260555	primary	fusA	V90A	fusidic acid	90	599970	V	V	0.000	202	0	0		susceptible
ERR5260555	primary	fusA	T387I	fusidic acid	387	600861	D	D	0.000	245	0	0		susceptible
ERR5260555	primary	fusA	E449K	fusidic acid	449	601047	I	I	0.000	259	0	0		susceptible
ERR5260555	primary	fusA	D189V	fusidic acid	189	600267	D	D	0.000	255	0	0		susceptible
ERR5260555	primary	fusA	L430S	fusidic acid	430	600990	L	L	0.000	199	0	0		susceptible
ERR5260555	primary	dfrB	F99Y	trimethoprim	99	1497291	F	F	0.000	168	0	0	64	susceptible
ERR5260555	primary	dfrB	H31N	trimethoprim	31	1497495	H	H	0.000	177	0	0	64	susceptible
ERR5260555	primary	dfrB	H150R	trimethoprim	150	1497138	H	H	0.000	169	0	0	64	susceptible
ERR5260555	primary	dfrB	L21V	trimethoprim	21	1497525	L	V	0.978	136	0	1	64	resistant
ERR5260555	primary	dfrB	N60I	trimethoprim	60	1497408	N	N	0.000	176	0	0	64	susceptible
ERR5260555	primary	dfrB	F99S	trimethoprim	99	1497291	F	F	0.000	168	0	0	4	susceptible
ERR5260555	primary	dfrB	L41F	trimethoprim	41	1497465	L	L	0.000	136	0	0	4	susceptible
ERR5260555	primary	dfrB	F99I	trimethoprim	99	1497291	F	F	0.000	168	0	0	2.5	susceptible
ERR5260555	primary	rpoB	Q468K	rifampicin	468	592232	Q	Q	0.000	188	0	0	>1024	susceptible
ERR5260555	primary	rpoB	D471Y	rifampicin	471	592241	D	D	0.000	236	0	0	>1024	susceptible
ERR5260555	primary	rpoB	S486L	rifampicin	486	592286	S	S	0.000	247	0	0	>1024	susceptible
ERR5260555	primary	rpoB	H481N	rifampicin	481	592271	H	H	0.000	208	0	0	256-1024	susceptible
ERR5260555	primary	rpoB	A473T	rifampicin	473	592247	A	A	0.153	170	0	1	256-1024	resistant_subpopulation
ERR5260555	primary	rpoB	A477T	rifampicin	477	592259	A	A	0.000	240	0	0	256-1024	susceptible
ERR5260555	primary	rpoB	I527M	rifampicin	527	592409	I	I	0.000	225	0	0	>512	susceptible
ERR5260555	primary	rpoB	Q468L	rifampicin	468	592232	Q	Q	0.000	188	0	0	512	susceptible
ERR5260555	primary	rpoB	Q565R	rifampicin	565	592523	A	A	0.000	245	0	0	512	susceptible
ERR5260555	primary	rpoB	S529L	rifampicin	529	592415	S	S	0.000	216	0	0	512	susceptible
ERR5260555	primary	rpoB	L466S	rifampicin	466	592226	L	L	0.000	221	0	0	256-512	susceptible
ERR5260555	primary	rpoB	H481Y	rifampicin	481	592271	H	H	0.000	208	0	0	128-512	susceptible
ERR5260555	primary	rpoB	H481D	rifampicin	481	592271	H	H	0.000	208	0	0	>256	susceptible
ERR5260555	primary	rpoB	I527L	rifampicin	527	592409	I	I	0.000	225	0	0	>256	susceptible
ERR5260555	primary	rpoB	Q468R	rifampicin	468	592232	Q	Q	0.000	188	0	0	256	susceptible
ERR5260555	primary	rpoB	Q456K	rifampicin	456	592196	S	S	0.000	242	0	0	128-256	susceptible
ERR5260555	primary	rpoB	R484H	rifampicin	484	592280	R	R	0.000	237	0	0	128-256	susceptible
ERR5260555	primary	rpoB	A477D	rifampicin	477	592259	A	A	0.000	240	0	0	128	susceptible
ERR5260555	primary	rpoB	D550G	rifampicin	550	592478	D	D	0.000	212	0	0	128	susceptible
ERR5260555	primary	rpoB	M470T	rifampicin	470	592238	M	M	0.000	242	0	0	12	susceptible
ERR5260555	primary	rpoB	D471G	rifampicin	471	592241	D	D	0.000	236	0	0	12	susceptible
ERR5260555	primary	rpoB	S463P	rifampicin	463	592217	S	S	0.000	226	0	0	8	susceptible
ERR5260555	primary	rpoB	S464P	rifampicin	464	592220	S	S	0.000	198	0	0	4	susceptible
ERR5260555	primary	rpoB	I527F	rifampicin	527	592409	I	I	0.000	225	0	0	4	susceptible
ERR5260555	primary	rpoB	A477V	rifampicin	477	592259	A	A	0.213	240	0	1	1	resistant_subpopulation
ERR5260555	primary	grlA	S80F	ciprofloxacin	80	1419997	F	F	0.994	166	1	0	>1024	resistant
ERR5260555	primary	grlA	E84V	ciprofloxacin	84	1420009	E	E	0.000	189	0	0	>1024	susceptible
ERR5260555	primary	grlA	E84G	ciprofloxacin	84	1420009	E	E	0.000	189	0	0	512-1024	susceptible
ERR5260555	primary	grlA	E84L	ciprofloxacin	84	1420009	E	E	0.000	189	0	0		susceptible
ERR5260555	primary	grlA	E84K	ciprofloxacin	84	1420009	E	E	0.000	189	0	0		susceptible
ERR5260555	primary	grlA	S108N	ciprofloxacin	108	1420081	S	S	0.000	210	0	0		susceptible
ERR5260555	primary	grlA	A48T	ciprofloxacin	48	1419901	A	A	0.000	202	0	0	32-256	susceptible
ERR5260555	primary	grlA	Y83N	ciprofloxacin	83	1420006	Y	Y	0.000	170	0	0	>64	susceptible
ERR5260555	primary	grlA	D432V	ciprofloxacin	432	1421053	D	D	0.000	189	0	0	64	susceptible
ERR5260555	primary	grlA	D432N	ciprofloxacin	432	1421053	D	D	0.000	189	0	0		susceptible
ERR5260555	primary	grlA	A116E	ciprofloxacin	116	1420105	A	A	0.000	176	0	0	32	susceptible
ERR5260555	primary	grlA	D432G	ciprofloxacin	432	1421053	D	D	0.000	189	0	0	16	susceptible
ERR5260555	primary	grlA	D79V	ciprofloxacin	79	1419994	D	D	0.000	178	0	0		susceptible
ERR5260555	primary	grlA	V41G	ciprofloxacin	41	1419880	V	V	0.000	220	0	0	16	susceptible
ERR5260555	primary	grlA	I45M	ciprofloxacin	45	1419892	I	I	0.000	198	0	0	16	susceptible
ERR5260555	primary	gyrA	E88K	ciprofloxacin	88	7266	E	E	0.000	264	0	0	>1024	susceptible
ERR5260555	primary	gyrA	S84L	ciprofloxacin	84	7254	L	L	0.992	253	1	0	512-1024	resistant
ERR5260555	primary	gyrA	S85P	ciprofloxacin	85	7257	S	S	0.000	264	0	0	512-1024	susceptible
ERR5260555	primary	gyrA	E88L	ciprofloxacin	88	7266	E	E	0.000	264	0	0	25	susceptible
ERR5260555	primary	gyrA	E88G	ciprofloxacin	88	7266	E	E	0.000	264	0	0	>64	susceptible
ERR5260555	primary	gyrA	G106D	ciprofloxacin	106	7320	G	G	0.000	280	0	0	16	susceptible
ERR5260555	primary	gyrA	R470D	ciprofloxacin	470	8412	R	R	0.000	251	0	0	4	susceptible
ERR5260555	primary	grlB	R444S	ciprofloxacin	444	1419092	R	R	0.000	187	0	0	25	susceptible
ERR5260785	primary	fusA	L461K	fusidic acid	461	601083	L	L	0.000	1644	0	0	>128	susceptible
ERR5260785	primary	fusA	H457Q	fusidic acid	457	601071	H	H	0.000	1017	0	0	>128	susceptible
ERR5260785	primary	fusA	C473S	fusidic acid	473	601119	C	C	0.000	1622	0	0	>128	susceptible
ERR5260785	primary	fusA	H457Y	fusidic acid	457	601071	H	H	0.000	1017	0	0	>128	susceptible
ERR5260785	primary	fusA	A67T	fusidic acid	67	599901	A	A	0.000	1523	0	0	>128	susceptible
ERR5260785	primary	fusA	A70V	fusidic acid	70	599910	A	A	0.000	1713	0	0	>128	susceptible
ERR5260785	primary	fusA	R76C	fusidic acid	76	599928	R	R	0.000	1214	0	0	>128	susceptible
ERR5260785	primary	fusA	A655V	fusidic acid	655	601665	A	A	0.000	1629	0	0	>128	susceptible
ERR5260785	primary	fusA	V90I	fusidic acid	90	599970	V	V	0.000	1311	0	0	>128	susceptible
ERR5260785	primary	fusA	L461F	fusidic acid	461	601083	L	L	0.000	1644	0	0		susceptible
ERR5260785	primary	fusA	A376V	fusidic acid	376	600828	A	A	0.000	1509	0	0		susceptible
ERR5260785	primary	fusA	A655P	fusidic acid	655	601665	A	A	0.000	1629	0	0	>128	susceptible
ERR5260785	primary	fusA	D463G	fusidic acid	463	601089	D	D	0.000	1702	0	0	>128	susceptible
ERR5260785	primary	fusA	L461S	fusidic acid	461	601083	L	L	0.000	1644	0	0	96	susceptible
ERR5260785	primary	fusA	P404L	fusidic acid	404	600912	P	P	0.000	1352	0	0	96	susceptible
ERR5260785	primary	fusA	A71V	fusidic acid	71	599913	A	A	0.000	1464	0	0	96	susceptible
ERR5260785	primary	fusA	M161I	fusidic acid	161	600183	P	P	0.000	1310	0	0	16-64	susceptible
ERR5260785	primary	fusA	S416F	fusidic acid	416	600948	S	S	0.000	1376	0	0	64	susceptible
ERR5260785	primary	fusA	H557Y	fusidic acid	557	601371	Y	Y	0.996	1847	1	0	64	resistant
ERR5260785	primary	fusA	D373N	fusidic acid	373	600819	D	D	0.000	1615	0	0	64	susceptible
ERR5260785	primary	fusA	Q115L	fusidic acid	115	600045	Q	Q	0.000	1715	0	0	48	susceptible
ERR5260785	primary	fusA	T436I	fusidic acid	436	601008	T	T	0.000	1728	0	0	8-48	susceptible
ERR5260785	primary	fusA	G452S	fusidic acid	452	601056	G	G	0.000	1636	0	0	8-32	susceptible
ERR5260785	primary	fusA	L456F	fusidic acid	456	601068	L	L	0.000	1510	0	0	32	susceptible
ERR5260785	primary	fusA	E444V	fusidic acid	444	601032	E	E	0.000	1620	0	0	32	susceptible
ERR5260785	primary	fusA	E444K	fusidic acid	444	601032	E	E	0.000	1620	0	0	16	susceptible
ERR5260785	primary	fusA	G556S	fusidic acid	556	601368	G	G	0.000	1731	0	0	16	susceptible
ERR5260785	primary	fusA	R659L	fusidic acid	659	601677	R	R	0.000	1716	0	0	16	susceptible
ERR5260785	primary	fusA	G451V	fusidic acid	451	601053	G	G	0.000	1624	0	0	3-16	susceptible
ERR5260785	primary	fusA	E233Q	fusidic acid	233	600399	E	E	0.000	1621	0	0	16	susceptible
ERR5260785	primary	fusA	A655E	fusidic acid	655	601665	A	A	0.000	1629	0	0	12	susceptible
ERR5260785	primary	fusA	G452C	fusidic acid	452	601056	G	G	0.000	1636	0	0	12	susceptible
ERR5260785	primary	fusA	P114H	fusidic acid	114	600042	P	P	0.000	1603	0	0	12	susceptible
ERR5260785	primary	fusA	R659C	fusidic acid	659	601677	R	R	0.000	1716	0	0	12	susceptible
ERR5260785	primary	fusA	R659S	fusidic acid	659	601677	R	R	0.000	1716	0	0	12	susceptible
ERR5260785	primary	fusA	H438N	fusidic acid	438	601014	H	H	0.000	1672	0	0	8	susceptible
ERR5260785	primary	fusA	P478S	fusidic acid	478	601134	P	P	0.000	1414	0	0	8	susceptible
ERR5260785	primary	fusA	R659H	fusidic acid	659	601677	R	R	0.000	1716	0	0	8	susceptible
ERR5260785	primary	fusA	P406L	fusidic acid	406	600918	P	P	0.000	1680	0	0	8	susceptible
ERR5260785	primary	fusA	F652S	fusidic acid	652	601656	F	F	0.000	1688	0	0	8	susceptible
ERR5260785	primary	fusA	Y654N	fusidic acid	654	601662	Y	Y	0.000	1666	0	0	8	susceptible
ERR5260785	primary	fusA	D189G	fusidic acid	189	600267	D	D	0.000	1805	0	0	8	susceptible
ERR5260785	primary	fusA	M453I	fusidic acid	453	601059	M	M	0.000	1493	0	0	4-8	susceptible
ERR5260785	primary	fusA	R464C	fusidic acid	464	601092	R	R	0.000	1539	0	0	2-8	susceptible
ERR5260785	primary	fusA	R464S	fusidic acid	464	601092	R	R	0.000	1539	0	0	6	susceptible
ERR5260785	primary	fusA	R464H	fusidic acid	464	601092	R	R	0.000	1539	0	0	6	susceptible
ERR5260785	primary	fusA	G617D	fusidic acid	617	601551	G	G	0.000	1635	0	0	4	susceptible
ERR5260785	primary	fusA	G664S	fusidic acid	664	601692	G	G	0.000	1722	0	0	4	susceptible
ERR5260785	primary	fusA	T385N	fusidic acid	385	600855	T	T	0.000	1601	0	0	4	susceptible
ERR5260785	primary	fusA	T656K	fusidic acid	656	601668	T	T	0.000	1736	0	0	4	susceptible
ERR5260785	primary	fusA	M651I	fusidic acid	651	601653	M	M	0.000	1853	0	0	2	susceptible
ERR5260785	primary	fusA	P404Q	fusidic acid	404	600912	P	P	0.000	1352	0	0	2	susceptible
ERR5260785	primary	fusA	F441Y	fusidic acid	441	601023	T	T	0.000	1481	0	0		susceptible
ERR5260785	primary	fusA	A160V	fusidic acid	160	600180	A	A	0.000	1303	0	0		susceptible
ERR5260785	primary	fusA	V607I	fusidic acid	607	601521	V	V	0.000	1698	0	0	0.19	susceptible
ERR5260785	primary	fusA	V90A	fusidic acid	90	599970	V	V	0.000	1311	0	0		susceptible
ERR5260785	primary	fusA	T387I	fusidic acid	387	600861	D	D	0.000	1640	0	0		susceptible
ERR5260785	primary	fusA	E449K	fusidic acid	449	601047	I	I	0.000	1702	0	0		susceptible
ERR5260785	primary	fusA	D189V	fusidic acid	189	600267	D	D	0.000	1805	0	0		susceptible
ERR5260785	primary	fusA	L430S	fusidic acid	430	600990	L	L	0.000	1488	0	0		susceptible
ERR5260785	primary	dfrB	F99Y	trimethoprim	99	1497291	F	F	0.000	1945	0	0	64	susceptible
ERR5260785	primary	dfrB	H31N	trimethoprim	31	1497495	H	H	0.000	1870	0	0	64	susceptible
ERR5260785	primary	dfrB	H150R	trimethoprim	150	1497138	H	H	0.000	1820	0	0	64	susceptible
ERR5260785	primary	dfrB	L21V	trimethoprim	21	1497525	L	L	0.000	1538	0	0	64	susceptible
ERR5260785	primary	dfrB	N60I	trimethoprim	60	1497408	N	N	0.000	1900	0	0	64	susceptible
ERR5260785	primary	dfrB	F99S	trimethoprim	99	1497291	F	F	0.000	1945	0	0	4	susceptible
ERR5260785	primary	dfrB	L41F	trimethoprim	41	1497465	L	L	0.000	1371	0	0	4	susceptible
ERR5260785	primary	dfrB	F99I	trimethoprim	99	1497291	F	F	0.000	1945	0	0	2.5	susceptible
ERR5260785	primary	rpoB	Q468K	rifampicin	468	592232	Q	Q	0.000	1309	0	0	>1024	susceptible
ERR5260785	primary	rpoB	D471Y	rifampicin	471	592241	D	D	0.000	1778	0	0	>1024	susceptible
ERR5260785	primary	rpoB	S486L	rifampicin	486	592286	S	S	0.000	1793	0	0	>1024	susceptible
ERR5260785	primary	rpoB	H481N	rifampicin	481	592271	H	H	0.000	1575	0	0	256-1024	susceptible
ERR5260785	primary	rpoB	A473T	rifampicin	473	592247	A	A	0.000	1126	0	0	256-1024	susceptible
ERR5260785	primary	rpoB	A477T	rifampicin	477	592259	A	A	0.000	1793	0	0	256-1024	susceptible
ERR5260785	primary	rpoB	I527M	rifampicin	527	592409	I	I	0.000	1847	0	0	>512	susceptible
ERR5260785	primary	rpoB	Q468L	rifampicin	468	592232	Q	Q	0.000	1309	0	0	512	susceptible
ERR5260785	primary	rpoB	Q565R	rifampicin	565	592523	A	A	0.000	1740	0	0	512	susceptible
ERR5260785	primary	rpoB	S529L	rifampicin	529	592415	S	S	0.000	1781	0	0	512	susceptible
ERR5260785	primary	rpoB	L466S	rifampicin	466	592226	L	L	0.000	1739	0	0	256-512	susceptible
ERR5260785	primary	rpoB	H481Y	rifampicin	481	592271	H	H	0.000	1575	0	0	128-512	susceptible
ERR5260785	primary	rpoB	H481D	rifampicin	481	592271	H	H	0.000	1575	0	0	>256	susceptible
ERR5260785	primary	rpoB	I527L	rifampicin	527	592409	I	I	0.000	1847	0	0	>256	susceptible
ERR5260785	primary	rpoB	Q468R	rifampicin	468	592232	Q	Q	0.000	1309	0	0	256	susceptible
ERR5260785	primary	rpoB	Q456K	rifampicin	456	592196	S	S	0.000	1952	0	0	128-256	susceptible
ERR5260785	primary	rpoB	R484H	rifampicin	484	592280	R	R	0.000	1829	0	0	128-256	susceptible
ERR5260785	primary	rpoB	A477D	rifampicin	477	592259	A	A	0.000	1793	0	0	128	susceptible
ERR5260785	primary	rpoB	D550G	rifampicin	550	592478	D	D	0.000	1812	0	0	128	susceptible
ERR5260785	primary	rpoB	M470T	rifampicin	470	592238	M	M	0.000	1920	0	0	12	susceptible
ERR5260785	primary	rpoB	D471G	rifampicin	471	592241	D	D	0.000	1778	0	0	12	susceptible
ERR5260785	primary	rpoB	S463P	rifampicin	463	592217	S	S	0.000	1715	0	0	8	susceptible
ERR5260785	primary	rpoB	S464P	rifampicin	464	592220	S	S	0.000	1528	0	0	4	susceptible
ERR5260785	primary	rpoB	I527F	rifampicin	527	592409	I	I	0.000	1847	0	0	4	susceptible
ERR5260785	primary	rpoB	A477V	rifampicin	477	592259	A	A	0.000	1793	0	0	1	susceptible
ERR5260785	primary	grlA	S80F	ciprofloxacin	80	1419997	F	S	0.000	1134	1	0	>1024	susceptible
ERR5260785	primary	grlA	E84V	ciprofloxacin	84	1420009	E	E	0.000	1590	0	0	>1024	susceptible
ERR5260785	primary	grlA	E84G	ciprofloxacin	84	1420009	E	E	0.000	1590	0	0	512-1024	susceptible
ERR5260785	primary	grlA	E84L	ciprofloxacin	84	1420009	E	E	0.000	1590	0	0		susceptible
ERR5260785	primary	grlA	E84K	ciprofloxacin	84	1420009	E	E	0.000	1590	0	0		susceptible
ERR5260785	primary	grlA	S108N	ciprofloxacin	108	1420081	S	S	0.000	1708	0	0		susceptible
ERR5260785	primary	grlA	A48T	ciprofloxacin	48	1419901	A	A	0.000	1703	0	0	32-256	susceptible
ERR5260785	primary	grlA	Y83N	ciprofloxacin	83	1420006	Y	Y	0.000	1463	0	0	>64	susceptible
ERR5260785	primary	grlA	D432V	ciprofloxacin	432	1421053	D	D	0.000	1927	0	0	64	susceptible
ERR5260785	primary	grlA	D432N	ciprofloxacin	432	1421053	D	D	0.000	1927	0	0		susceptible
ERR5260785	primary	grlA	A116E	ciprofloxacin	116	1420105	A	A	0.000	1771	0	0	32	susceptible
ERR5260785	primary	grlA	D432G	ciprofloxacin	432	1421053	D	D	0.000	1927	0	0	16	susceptible
ERR5260785	primary	grlA	D79V	ciprofloxacin	79	1419994	D	D	0.000	1312	0	0		susceptible
ERR5260785	primary	grlA	V41G	ciprofloxacin	41	1419880	V	V	0.000	1759	0	0	16	susceptible
ERR5260785	primary	grlA	I45M	ciprofloxacin	45	1419892	I	I	0.000	1504	0	0	16	susceptible
ERR5260785	primary	gyrA	E88K	ciprofloxacin	88	7266	E	E	0.000	1913	0	0	>1024	susceptible
ERR5260785	primary	gyrA	S84L	ciprofloxacin	84	7254	L	S	0.000	1869	1	0	512-1024	susceptible
ERR5260785	primary	gyrA	S85P	ciprofloxacin	85	7257	S	S	0.000	2048	0	0	512-1024	susceptible
ERR5260785	primary	gyrA	E88L	ciprofloxacin	88	7266	E	E	0.000	1913	0	0	25	susceptible
ERR5260785	primary	gyrA	E88G	ciprofloxacin	88	7266	E	E	0.000	1913	0	0	>64	susceptible
ERR5260785	primary	gyrA	G106D	ciprofloxacin	106	7320	G	G	0.000	1855	0	0	16	susceptible
ERR5260785	primary	gyrA	R470D	ciprofloxacin	470	8412	R	R	0.000	1957	0	0	4	susceptible
ERR5260785	primary	grlB	R444S	ciprofloxacin	444	1419092	R	R	0.000	1606	0	0	25	susceptible
ERR5260958	primary	fusA	L461K	fusidic acid	461	601083	L	L	0.000	779	0	0	>128	susceptible
ERR5260958	primary	fusA	H457Q	fusidic acid	457	601071	H	H	0.000	508	0	0	>128	susceptible
ERR5260958	primary	fusA	C473S	fusidic acid	473	601119	C	C	0.000	753	0	0	>128	susceptible
ERR5260958	primary	fusA	H457Y	fusidic acid	457	601071	H	H	0.000	508	0	0	>128	susceptible
ERR5260958	primary	fusA	A67T	fusidic acid	67	599901	A	A	0.000	791	0	0	>128	susceptible
ERR5260958	primary	fusA	A70V	fusidic acid	70	599910	A	A	0.000	845	0	0	>128	susceptible
ERR5260958	primary	fusA	R76C	fusidic acid	76	599928	R	R	0.000	612	0	0	>128	susceptible
ERR5260958	primary	fusA	A655V	fusidic acid	655	601665	A	A	0.000	703	0	0	>128	susceptible
ERR5260958	primary	fusA	V90I	fusidic acid	90	599970	V	V	0.000	690	0	0	>128	susceptible
ERR5260958	primary	fusA	L461F	fusidic acid	461	601083	L	L	0.000	779	0	0		susceptible
ERR5260958	primary	fusA	A376V	fusidic acid	376	600828	A	A	0.000	725	0	0		susceptible
ERR5260958	primary	fusA	A655P	fusidic acid	655	601665	A	A	0.000	703	0	0	>128	susceptible
ERR5260958	primary	fusA	D463G	fusidic acid	463	601089	D	D	0.000	780	0	0	>128	susceptible
ERR5260958	primary	fusA	L461S	fusidic acid	461	601083	L	L	0.000	779	0	0	96	susceptible
ERR5260958	primary	fusA	P404L	fusidic acid	404	600912	P	P	0.000	621	0	0	96	susceptible
ERR5260958	primary	fusA	A71V	fusidic acid	71	599913	A	A	0.000	787	0	0	96	susceptible
ERR5260958	primary	fusA	M161I	fusidic acid	161	600183	P	P	0.000	646	0	0	16-64	susceptible
ERR5260958	primary	fusA	S416F	fusidic acid	416	600948	S	S	0.000	642	0	0	64	susceptible
ERR5260958	primary	fusA	H557Y	fusidic acid	557	601371	Y	Y	0.995	831	1	0	64	resistant
ERR5260958	primary	fusA	D373N	fusidic acid	373	600819	D	D	0.000	757	0	0	64	susceptible
ERR5260958	primary	fusA	Q115L	fusidic acid	115	600045	Q	Q	0.000	832	0	0	48	susceptible
ERR5260958	primary	fusA	T436I	fusidic acid	436	601008	T	T	0.000	812	0	0	8-48	susceptible
ERR5260958	primary	fusA	G452S	fusidic acid	452	601056	G	G	0.000	756	0	0	8-32	susceptible
ERR5260958	primary	fusA	L456F	fusidic acid	456	601068	L	L	0.000	698	0	0	32	susceptible
ERR5260958	primary	fusA	E444V	fusidic acid	444	601032	E	E	0.000	760	0	0	32	susceptible
ERR5260958	primary	fusA	E444K	fusidic acid	444	601032	E	E	0.000	760	0	0	16	susceptible
ERR5260958	primary	fusA	G556S	fusidic acid	556	601368	G	G	0.000	769	0	0	16	susceptible
ERR5260958	primary	fusA	R659L	fusidic acid	659	601677	R	R	0.000	751	0	0	16	susceptible
ERR5260958	primary	fusA	G451V	fusidic acid	451	601053	G	G	0.000	750	0	0	3-16	susceptible
ERR5260958	primary	fusA	E233Q	fusidic acid	233	600399	E	E	0.000	766	0	0	16	susceptible
ERR5260958	primary	fusA	A655E	fusidic acid	655	601665	A	A	0.000	703	0	0	12	susceptible
ERR5260958	primary	fusA	G452C	fusidic acid	452	601056	G	G	0.000	756	0	0	12	susceptible
ERR5260958	primary	fusA	P114H	fusidic acid	114	600042	P	P	0.000	749	0	0	12	susceptible
ERR5260958	primary	fusA	R659C	fusidic acid	659	601677	R	R	0.000	751	0	0	12	susceptible
ERR5260958	primary	fusA	R659S	fusidic acid	659	601677	R	R	0.000	751	0	0	12	susceptible
ERR5260958	primary	fusA	H438N	fusidic acid	438	601014	H	H	0.000	808	0	0	8	susceptible
ERR5260958	primary	fusA	P478S	fusidic acid	478	601134	P	P	0.000	635	0	0	8	susceptible
ERR5260958	primary	fusA	R659H	fusidic acid	659	601677	R	R	0.000	751	0	0	8	susceptible
ERR5260958	primary	fusA	P406L	fusidic acid	406	600918	P	P	0.000	769	0	0	8	susceptible
ERR5260958	primary	fusA	F652S	fusidic acid	652	601656	F	F	0.000	749	0	0	8	susceptible
ERR5260958	primary	fusA	Y654N	fusidic acid	654	601662	Y	Y	0.000	719	0	0	8	susceptible
ERR5260958	primary	fusA	D189G	fusidic acid	189	600267	D	D	0.000	853	0	0	8	susceptible
ERR5260958	primary	fusA	M453I	fusidic acid	453	601059	M	M	0.000	692	0	0	4-8	susceptible
ERR5260958	primary	fusA	R464C	fusidic acid	464	601092	R	R	0.000	678	0	0	2-8	susceptible
ERR5260958	primary	fusA	R464S	fusidic acid	464	601092	R	R	0.000	678	0	0	6	susceptible
ERR5260958	primary	fusA	R464H	fusidic acid	464	601092	R	R	0.000	678	0	0	6	susceptible
ERR5260958	primary	fusA	G617D	fusidic acid	617	601551	G	G	0.000	782	0	0	4	susceptible
ERR5260958	primary	fusA	G664S	fusidic acid	664	601692	G	G	0.000	756	0	0	4	susceptible
ERR5260958	primary	fusA	T385N	fusidic acid	385	600855	T	T	0.000	740	0	0	4	susceptible
ERR5260958	primary	fusA	T656K	fusidic acid	656	601668	T	T	0.000	766	0	0	4	susceptible
ERR5260958	primary	fusA	M651I	fusidic acid	651	601653	M	M	0.000	799	0	0	2	susceptible
ERR5260958	primary	fusA	P404Q	fusidic acid	404	600912	P	P	0.000	621	0	0	2	susceptible
ERR5260958	primary	fusA	F441Y	fusidic acid	441	601023	T	T	0.000	687	0	0		susceptible
ERR5260958	primary	fusA	A160V	fusidic acid	160	600180	A	A	0.000	649	0	0		susceptible
ERR5260958	primary	fusA	V607I	fusidic acid	607	601521	V	V	0.000	777	0	0	0.19	susceptible
ERR5260958	primary	fusA	V90A	fusidic acid	90	599970	V	V	0.000	690	0	0		susceptible
ERR5260958	primary	fusA	T387I	fusidic acid	387	600861	D	D	0.000	757	0	0		susceptible
ERR5260958	primary	fusA	E449K	fusidic acid	449	601047	I	I	0.000	817	0	0		susceptible
ERR5260958	primary	fusA	D189V	fusidic acid	189	600267	D	D	0.000	853	0	0		susceptible
ERR5260958	primary	fusA	L430S	fusidic acid	430	600990	L	L	0.000	707	0	0		susceptible
ERR5260958	primary	dfrB	F99Y	trimethoprim	99	1497291	F	F	0.000	969	0	0	64	susceptible
ERR5260958	primary	dfrB	H31N	trimethoprim	31	1497495	H	H	0.000	959	0	0	64	susceptible
ERR5260958	primary	dfrB	H150R	trimethoprim	150	1497138	H	H	0.000	874	0	0	64	susceptible
ERR5260958	primary	dfrB	L21V	trimethoprim	21	1497525	L	L	0.000	854	0	0	64	susceptible
ERR5260958	primary	dfrB	N60I	trimethoprim	60	1497408	N	N	0.000	947	0	0	64	susceptible
ERR5260958	primary	dfrB	F99S	trimethoprim	99	1497291	F	F	0.000	969	0	0	4	susceptible
ERR5260958	primary	dfrB	L41F	trimethoprim	41	1497465	L	L	0.000	671	0	0	4	susceptible
ERR5260958	primary	dfrB	F99I	trimethoprim	99	1497291	F	F	0.000	969	0	0	2.5	susceptible
ERR5260958	primary	rpoB	Q468K	rifampicin	468	592232	Q	Q	0.000	588	0	0	>1024	susceptible
ERR5260958	primary	rpoB	D471Y	rifampicin	471	592241	D	D	0.000	706	0	0	>1024	susceptible
ERR5260958	primary	rpoB	S486L	rifampicin	486	592286	S	S	0.000	753	0	0	>1024	susceptible
ERR5260958	primary	rpoB	H481N	rifampicin	481	592271	H	H	0.000	653	0	0	256-1024	susceptible
ERR5260958	primary	rpoB	A473T	rifampicin	473	592247	A	A	0.000	481	0	0	256-1024	susceptible
ERR5260958	primary	rpoB	A477T	rifampicin	477	592259	A	A	0.000	737	0	0	256-1024	susceptible
ERR5260958	primary	rpoB	I527M	rifampicin	527	592409	I	I	0.000	796	0	0	>512	susceptible
ERR5260958	primary	rpoB	Q468L	rifampicin	468	592232	Q	Q	0.000	588	0	0	512	susceptible
ERR5260958	primary	rpoB	Q565R	rifampicin	565	592523	A	A	0.000	772	0	0	512	susceptible
ERR5260958	primary	rpoB	S529L	rifampicin	529	592415	S	S	0.000	759	0	0	512	susceptible
ERR5260958	primary	rpoB	L466S	rifampicin	466	592226	L	L	0.000	732	0	0	256-512	susceptible
ERR5260958	primary	rpoB	H481Y	rifampicin	481	592271	H	H	0.000	653	0	0	128-512	susceptible
ERR5260958	primary	rpoB	H481D	rifampicin	481	592271	H	H	0.000	653	0	0	>256	susceptible
ERR5260958	primary	rpoB	I527L	rifampicin	527	592409	I	I	0.000	796	0	0	>256	susceptible
ERR5260958	primary	rpoB	Q468R	rifampicin	468	592232	Q	Q	0.000	588	0	0	256	susceptible
ERR5260958	primary	rpoB	Q456K	rifampicin	456	592196	S	S	0.000	774	0	0	128-256	susceptible
ERR5260958	primary	rpoB	R484H	rifampicin	484	592280	R	R	0.000	737	0	0	128-256	susceptible
ERR5260958	primary	rpoB	A477D	rifampicin	477	592259	A	A	0.000	737	0	0	128	susceptible
ERR5260958	primary	rpoB	D550G	rifampicin	550	592478	D	D	0.000	759	0	0	128	susceptible
ERR5260958	primary	rpoB	M470T	rifampicin	470	592238	M	M	0.000	783	0	0	12	susceptible
ERR5260958	primary	rpoB	D471G	rifampicin	471	592241	D	D	0.000	706	0	0	12	susceptible
ERR5260958	primary	rpoB	S463P	rifampicin	463	592217	S	S	0.000	724	0	0	8	susceptible
ERR5260958	primary	rpoB	S464P	rifampicin	464	592220	S	S	0.000	661	0	0	4	susceptible
ERR5260958	primary	rpoB	I527F	rifampicin	527	592409	I	I	0.000	796	0	0	4	susceptible
ERR5260958	primary	rpoB	A477V	rifampicin	477	592259	A	A	0.000	737	0	0	1	susceptible
ERR5260958	primary	grlA	S80F	ciprofloxacin	80	1419997	F	S	0.000	584	1	0	>1024	susceptible
ERR5260958	primary	grlA	E84V	ciprofloxacin	84	1420009	E	E	0.000	750	0	0	>1024	susceptible
ERR5260958	primary	grlA	E84G	ciprofloxacin	84	1420009	E	E	0.000	750	0	0	512-1024	susceptible
ERR5260958	primary	grlA	E84L	ciprofloxacin	84	1420009	E	E	0.000	750	0	0		susceptible
ERR5260958	primary	grlA	E84K	ciprofloxacin	84	1420009	E	E	0.000	750	0	0		susceptible
ERR5260958	primary	grlA	S108N	ciprofloxacin	108	1420081	S	S	0.000	862	0	0		susceptible
ERR5260958	primary	grlA	A48T	ciprofloxacin	48	1419901	A	A	0.000	865	0	0	32-256	susceptible
ERR5260958	primary	grlA	Y83N	ciprofloxacin	83	1420006	Y	Y	0.000	718	0	0	>64	susceptible
ERR5260958	primary	grlA	D432V	ciprofloxacin	432	1421053	D	D	0.000	1047	0	0	64	susceptible
ERR5260958	primary	grlA	D432N	ciprofloxacin	432	1421053	D	D	0.000	1047	0	0		susceptible
ERR5260958	primary	grlA	A116E	ciprofloxacin	116	1420105	A	A	0.000	880	0	0	32	susceptible
ERR5260958	primary	grlA	D432G	ciprofloxacin	432	1421053	D	D	0.000	1047	0	0	16	susceptible
ERR5260958	primary	grlA	D79V	ciprofloxacin	79	1419994	D	D	0.000	698	0	0		susceptible
ERR5260958	primary	grlA	V41G	ciprofloxacin	41	1419880	V	V	0.000	888	0	0	16	susceptible
ERR5260958	primary	grlA	I45M	ciprofloxacin	45	1419892	I	I	0.000	750	0	0	16	susceptible
ERR5260958	primary	gyrA	E88K	ciprofloxacin	88	7266	E	E	0.000	942	0	0	>1024	susceptible
ERR5260958	primary	gyrA	S84L	ciprofloxacin	84	7254	L	S	0.000	892	1	0	512-1024	susceptible
ERR5260958	primary	gyrA	S85P	ciprofloxacin	85	7257	S	S	0.000	1014	0	0	512-1024	susceptible
ERR5260958	primary	gyrA	E88L	ciprofloxacin	88	7266	E	E	0.000	942	0	0	25	susceptible
ERR5260958	primary	gyrA	E88G	ciprofloxacin	88	7266	E	E	0.000	942	0	0	>64	susceptible
ERR5260958	primary	gyrA	G106D	ciprofloxacin	106	7320	G	G	0.000	958	0	0	16	susceptible
ERR5260958	primary	gyrA	R470D	ciprofloxacin	470	8412	R	R	0.000	1016	0	0	4	susceptible
ERR5260958	primary	grlB	R444S	ciprofloxacin	444	1419092	R	R	0.000	713	0	0	25	susceptible
